{
  "Ansi 0 Color" : {
    "Red Component" : 0.22352941176471,
    "Color Space" : "sRGB",
    "Blue Component" : 0.26666666666666999,
    "Green Component" : 0.23137254901960999
  },
  "Tags" : [

  ],
  "Ansi 12 Color" : {
    "Red Component" : 0.51764705882353002,
    "Color Space" : "sRGB",
    "Blue Component" : 0.89411764705882002,
    "Green Component" : 0.80784313725489998
  },
  "Guid" : "E4AF0C1D-4DFD-4FBF-AF67-0866C3702934",
  "Ansi 2 Color" : {
    "Red Component" : 0.50588235294118,
    "Color Space" : "sRGB",
    "Blue Component" : 0.60392156862744995,
    "Green Component" : 0.69803921568627003
  },
  "Bold Color" : {
    "Red Component" : 0.80392156862745001,
    "Color Space" : "sRGB",
    "Blue Component" : 0.81176470588234995,
    "Green Component" : 0.80784313725489998
  },
  "Normal Font" : "HackNFM-Regular 12",
  "Ansi 4 Color" : {
    "Red Component" : 0.44313725490195999,
    "Color Space" : "sRGB",
    "Blue Component" : 0.83921568627451004,
    "Green Component" : 0.61176470588234999
  },
  "Right Option Key Sends" : 0,
  "Rows" : 25,
  "Default Bookmark" : "No",
  "Ansi 6 Color" : {
    "Red Component" : 0.38823529411765001,
    "Color Space" : "sRGB",
    "Blue Component" : 0.81176470588234995,
    "Green Component" : 0.80392156862745001
  },
  "Cursor Guide Color" : {
    "Red Component" : 0.70214027166366577,
    "Color Space" : "sRGB",
    "Blue Component" : 1,
    "Alpha Component" : 0.25,
    "Green Component" : 0.92681378126144409
  },
  "Non-ASCII Anti Aliased" : true,
  "Use Bright Bold" : true,
  "Ansi 10 Color" : {
    "Red Component" : 0.34509803921568999,
    "Color Space" : "sRGB",
    "Blue Component" : 0.54509803921569,
    "Green Component" : 0.80392156862745001
  },
  "Ambiguous Double Width" : false,
  "Jobs to Ignore" : [
    "rlogin",
    "ssh",
    "slogin",
    "telnet"
  ],
  "Ansi 15 Color" : {
    "Red Component" : 0.94901960784313999,
    "Color Space" : "sRGB",
    "Blue Component" : 0.94901960784313999,
    "Green Component" : 0.94901960784313999
  },
  "Foreground Color" : {
    "Red Component" : 0.80392156862745001,
    "Color Space" : "sRGB",
    "Blue Component" : 0.81176470588234995,
    "Green Component" : 0.80784313725489998
  },
  "Bound Hosts" : [

  ],
  "Working Directory" : "\/Users\/helloyuki",
  "Blinking Cursor" : false,
  "Disable Window Resizing" : true,
  "Sync Title" : false,
  "Prompt Before Closing 2" : false,
  "BM Growl" : true,
  "Command" : "",
  "Description" : "Default",
  "Mouse Reporting" : true,
  "Screen" : -1,
  "Selection Color" : {
    "Red Component" : 0.15686274509803999,
    "Color Space" : "sRGB",
    "Blue Component" : 0.28235294117646997,
    "Green Component" : 0.21176470588235
  },
  "Columns" : 80,
  "Idle Code" : 0,
  "Ansi 13 Color" : {
    "Red Component" : 0.72156862745098005,
    "Color Space" : "sRGB",
    "Blue Component" : 0.89019607843137005,
    "Green Component" : 0.63137254901961004
  },
  "Custom Command" : "No",
  "ASCII Anti Aliased" : true,
  "Non Ascii Font" : "Monaco 12",
  "Vertical Spacing" : 1.2,
  "Use Bold Font" : true,
  "Option Key Sends" : 0,
  "Selected Text Color" : {
    "Red Component" : 0.80392156862745001,
    "Color Space" : "sRGB",
    "Blue Component" : 0.81176470588234995,
    "Green Component" : 0.80784313725489998
  },
  "Background Color" : {
    "Red Component" : 0.098039215686274994,
    "Color Space" : "sRGB",
    "Blue Component" : 0.18823529411765,
    "Green Component" : 0.13725490196078
  },
  "Character Encoding" : 4,
  "Ansi 11 Color" : {
    "Red Component" : 1,
    "Color Space" : "sRGB",
    "Blue Component" : 0.49411764705882,
    "Green Component" : 0.89019607843137005
  },
  "Use Italic Font" : true,
  "Unlimited Scrollback" : false,
  "Keyboard Map" : {
    "0xf700-0x260000" : {
      "Text" : "[1;6A",
      "Action" : 10
    },
    "0x37-0x40000" : {
      "Text" : "0x1f",
      "Action" : 11
    },
    "0x32-0x40000" : {
      "Text" : "0x00",
      "Action" : 11
    },
    "0xf709-0x20000" : {
      "Text" : "[17;2~",
      "Action" : 10
    },
    "0xf70c-0x20000" : {
      "Text" : "[20;2~",
      "Action" : 10
    },
    "0xf729-0x20000" : {
      "Text" : "[1;2H",
      "Action" : 10
    },
    "0xf72b-0x40000" : {
      "Text" : "[1;5F",
      "Action" : 10
    },
    "0xf705-0x20000" : {
      "Text" : "[1;2Q",
      "Action" : 10
    },
    "0xf703-0x260000" : {
      "Text" : "[1;6C",
      "Action" : 10
    },
    "0xf700-0x220000" : {
      "Text" : "[1;2A",
      "Action" : 10
    },
    "0xf701-0x280000" : {
      "Text" : "0x1b 0x1b 0x5b 0x42",
      "Action" : 11
    },
    "0x38-0x40000" : {
      "Text" : "0x7f",
      "Action" : 11
    },
    "0x33-0x40000" : {
      "Text" : "0x1b",
      "Action" : 11
    },
    "0xf703-0x220000" : {
      "Text" : "[1;2C",
      "Action" : 10
    },
    "0xf701-0x240000" : {
      "Text" : "[1;5B",
      "Action" : 10
    },
    "0xf70d-0x20000" : {
      "Text" : "[21;2~",
      "Action" : 10
    },
    "0xf702-0x260000" : {
      "Text" : "[1;6D",
      "Action" : 10
    },
    "0xf729-0x40000" : {
      "Text" : "[1;5H",
      "Action" : 10
    },
    "0xf706-0x20000" : {
      "Text" : "[1;2R",
      "Action" : 10
    },
    "0x34-0x40000" : {
      "Text" : "0x1c",
      "Action" : 11
    },
    "0xf700-0x280000" : {
      "Text" : "0x1b 0x1b 0x5b 0x41",
      "Action" : 11
    },
    "0x2d-0x40000" : {
      "Text" : "0x1f",
      "Action" : 11
    },
    "0xf70e-0x20000" : {
      "Text" : "[23;2~",
      "Action" : 10
    },
    "0xf702-0x220000" : {
      "Text" : "[1;2D",
      "Action" : 10
    },
    "0xf703-0x280000" : {
      "Text" : "0x1b 0x1b 0x5b 0x43",
      "Action" : 11
    },
    "0xf700-0x240000" : {
      "Text" : "[1;5A",
      "Action" : 10
    },
    "0xf707-0x20000" : {
      "Text" : "[1;2S",
      "Action" : 10
    },
    "0xf70a-0x20000" : {
      "Text" : "[18;2~",
      "Action" : 10
    },
    "0x35-0x40000" : {
      "Text" : "0x1d",
      "Action" : 11
    },
    "0xf70f-0x20000" : {
      "Text" : "[24;2~",
      "Action" : 10
    },
    "0xf703-0x240000" : {
      "Text" : "[1;5C",
      "Action" : 10
    },
    "0xf701-0x260000" : {
      "Text" : "[1;6B",
      "Action" : 10
    },
    "0xf702-0x280000" : {
      "Text" : "0x1b 0x1b 0x5b 0x44",
      "Action" : 11
    },
    "0xf72b-0x20000" : {
      "Text" : "[1;2F",
      "Action" : 10
    },
    "0x36-0x40000" : {
      "Text" : "0x1e",
      "Action" : 11
    },
    "0xf708-0x20000" : {
      "Text" : "[15;2~",
      "Action" : 10
    },
    "0xf701-0x220000" : {
      "Text" : "[1;2B",
      "Action" : 10
    },
    "0xf70b-0x20000" : {
      "Text" : "[19;2~",
      "Action" : 10
    },
    "0xf702-0x240000" : {
      "Text" : "[1;5D",
      "Action" : 10
    },
    "0xf704-0x20000" : {
      "Text" : "[1;2P",
      "Action" : 10
    }
  },
  "Window Type" : 0,
  "Blur Radius" : 5.0618517287234059,
  "Background Image Location" : "",
  "Blur" : true,
  "Badge Color" : {
    "Red Component" : 1,
    "Color Space" : "sRGB",
    "Blue Component" : 0,
    "Alpha Component" : 0.5,
    "Green Component" : 0.14910030364990234
  },
  "Scrollback Lines" : 1000,
  "Send Code When Idle" : false,
  "Close Sessions On End" : true,
  "Terminal Type" : "xterm-256color",
  "Visual Bell" : true,
  "Flashing Bell" : false,
  "Silence Bell" : false,
  "Ansi 14 Color" : {
    "Red Component" : 0.34901960784314001,
    "Color Space" : "sRGB",
    "Blue Component" : 1,
    "Green Component" : 0.94117647058824006
  },
  "Name" : "My iTerm",
  "Cursor Text Color" : {
    "Red Component" : 0.098039215686274994,
    "Color Space" : "sRGB",
    "Blue Component" : 0.18823529411765,
    "Green Component" : 0.13725490196078
  },
  "Shortcut" : "",
  "Cursor Color" : {
    "Red Component" : 0.80392156862745001,
    "Color Space" : "sRGB",
    "Blue Component" : 0.81176470588234995,
    "Green Component" : 0.80784313725489998
  },
  "Transparency" : 0.28107214095744676,